Designator,Mid X,Mid Y,Rotation,Layer
C1,143.735297,-82.7,0.0,top
C10,207.7,-65.7,270.0,top
C11,142.417677,-74.9,0.0,top
C12,147.6,-125.4,180.0,top
C13,200.5,-105.682379,270.0,top
C14,140.6,-66.1,0.0,top
C15,149.9,-59.6,90.0,top
C17,145.7,-51.2,180.0,top
C2,201.8,-67.017621,270.0,top
C3,146.48238,-132.6,180.0,top
C4,207.0,-106.8,270.0,top
C5,146.464702,-116.2,180.0,top
C6,143.8,-93.8,0.0,top
C7,146.5,-143.8,180.0,top
C8,111.4,-39.617621,270.0,top
C9,105.2,-38.4,270.0,top
D1,203.925,-30.1,0.0,top
D2,105.2,-22.425,270.0,top
D3,203.625,-147.0,0.0,top
D4,134.72,-27.0,0.0,top
HS1,172.6,-51.8,90.0,top
HS2,172.6,-124.3,90.0,top
J1,42.0,-115.3,90.0,top
J10,199.1,-85.3,90.0,top
J11,205.1,-138.3,90.0,top
J12,205.1,-132.3,90.0,top
J13,205.1,-126.3,90.0,top
J14,205.1,-120.3,90.0,top
J15,123.1,-42.5,90.0,top
J16,123.1,-36.5,90.0,top
J17,123.1,-30.5,90.0,top
J18,123.1,-24.5,90.0,top
J19,42.0,-121.3,90.0,top
J2,42.0,-53.3,90.0,top
J20,42.0,-59.3,90.0,top
J21,150.3,-41.925,0.0,top
J22,211.1,-97.3,90.0,top
J23,211.1,-91.3,90.0,top
J24,211.1,-85.3,90.0,top
J25,211.1,-79.3,90.0,top
J3,205.1,-57.3,90.0,top
J4,205.1,-51.3,90.0,top
J5,205.1,-45.3,90.0,top
J6,205.1,-39.3,90.0,top
J7,199.1,-79.3,90.0,top
J8,199.1,-97.3,90.0,top
J9,199.1,-91.3,90.0,top
M1,138.74,-20.6,180.0,top
PS1,53.0,-23.0,0.0,top
PS2,55.0,-53.9,0.0,top
PS3,55.0,-108.3,0.0,top
Q2,151.9,-28.1,90.0,top
R1,141.772323,-105.7,0.0,top
R10,139.29,-44.8,0.0,top
R11,146.91,-32.8,180.0,top
R2,201.59,-25.6,0.0,top
R3,105.2,-35.41,90.0,top
R4,201.39,-151.5,0.0,top
R5,149.392323,-109.1,180.0,top
R6,146.91,-47.85,180.0,top
R7,146.91,-38.8,180.0,top
R8,139.29,-41.8,0.0,top
R9,146.91,-35.8,180.0,top
TH1,182.8,-52.8,90.0,top
U1,161.69,-54.34,90.0,top
U2,161.69,-126.84,90.0,top
U4,147.0,-62.2,180.0,top
